garciarose264@gmail.com,https://plus.google.com/+Colorlib,wordpress site 
drodukuherbalhealingcentre@gmail.com,https://plus.google.com/+Colorlib,wordpress site 
support@colorlib.com,https://www.instagram.com/colorlib/,wordpress site 
panishaps@gmail.com,https://colorlib.com/wp/best-wordpress-business-themes/,wordpress site 
support@hostinger.com,https://colorlib.com/out/hostinger,wordpress site 
sales@yourdomain.com,https://www.one.com/en/domain,wordpress site 
press@one.com,https://www.one.com/en/info/press,wordpress site 
tmf@one.com,https://www.one.com/en/info/press,wordpress site 
marketing@one.com,https://www.one.com/en/info/contact-information,wordpress site 
management@one.com,https://www.one.com/en/info/contact-information,wordpress site 
support@one.com,https://www.one.com/en/info/contact-information,wordpress site 
sales@one.com,https://www.one.com/en/info/contact-information,wordpress site 
abuse@one.com,https://www.one.com/en/info/contact-information,wordpress site 
service@one.com,https://www.one.com/en/info/privacy-policy,wordpress site 
INFO@TOP-SPEED.DE,https://top-speed.de/website/,wordpress page 
info@top-speed.de,https://top-speed.de/website/,wordpress page 
hello@hexadigital.co,https://hexadigital.co/,wordpress page 
contact@hexadigital.fr,https://hexadigital.co/,wordpress page 
support@wp-pagebuilderframework.com,https://github.com/MapSteps/Page-Builder-Framework,wordpress page 
connect@mapsteps.com,https://wp-pagebuilderframework.com/privacy-policy/,wordpress page 
gwenael@salmon.ovh,https://www.salmon.ovh/,wordpress page 
gsalmon@puydufou.com,https://www.salmon.ovh/,wordpress page 
info@pressable.com,https://pressable.com/,wordpress hosting 
help@pressable.com,https://pressable.com//pricing,wordpress hosting 
susie@stellartechmarketing.com,https://www.bluehost.com/blog/websites/5-tips-to-plan-an-awesome-wordpress-website-9493/,wordpress webpage 
email@yourgroovydomain.com,https://en.support.wordpress.com/contact-form/,wordpress webpage 
susie@stellartechmarketing.com,https://www.bluehost.com/blog/websites/5-tips-to-plan-an-awesome-wordpress-website-9493/,wordpress webpage 
email@yourgroovydomain.com,https://en.support.wordpress.com/contact-form/,wordpress webpage 
you@example.com,https://stackoverflow.com,wordpress webpage 
team@stackexchange.com,https://stackexchange.com/users/?tab=inbox,wordpress webpage 
you@example.org,https://stackoverflow.com/users/login?ssrc=head&returnurl=https%3a%2f%2fstackoverflow.com%2fquestions%2f52429826%2fseamlessly-embed-pdf-into-wordpress-webpage,wordpress webpage 
test@test.com,https://stackoverflow.com//questions,wordpress webpage 
comercial@arsys.es,https://www.arsys.net//contact,wordpress webpage 
info@arsys.es,https://www.arsys.net//contact,wordpress webpage 
soporte@arsys.es,https://www.arsys.net//contact,wordpress webpage 
gestion@arsys.es,https://www.arsys.net//contact,wordpress webpage 
territorial@arsys.es,https://www.arsys.net//contact,wordpress webpage 
hostmaster@arsys.es,https://www.arsys.net//contact,wordpress webpage 
tu@email.es,https://www.arsys.net//hosting/cloud,wordpress webpage 
juan@midominio.es,https://www.arsys.net//email,wordpress webpage 
your@email.es,https://www.arsys.net//servers/dedicated,wordpress webpage 
wordpresshelp@wpi.edu,https://www.wpi.edu/webapps/wordpress.html,wordpress webpage 
egallagher@wpi.edu,https://www.wpi.edu/webapps/wordpress/ourstaff.html,wordpress webpage 
cwilliams@wpi.edu,https://www.wpi.edu/webapps/wordpress/ourstaff.html,wordpress webpage 
alumni-office@wpi.edu,https://www.wpi.edu/alumni/index.html,wordpress webpage 
media@wpi.edu,https://www.wpi.edu/media/index.html,wordpress webpage 
8d4417286c004b868efa0698775105ca@sentry.io,https://www.jotform.com/hipaa/,wordpress webpage 
api@jotform.com,https://apps.jotform.com,wordpress webpage 
ff02556bfa704470a1e8aade1a86529e@sentry.io,https://apps.jotform.com,wordpress webpage 
support@jotform.com,https://www.jotform.com//pricing,wordpress webpage 
2de956d85a6b4414a148099a80be5284@sentry.io,https://www.jotform.com//myaccount,wordpress webpage 
hello@wpkraken.io,https://wpkraken.io/terms-of-service,wordpress webpage 
access@wpkraken.io,https://wpkraken.io/order,wordpress webpage 
legal@wpkraken.io,https://wpkraken.io/privacy-policy,wordpress webpage 
contact@wpkraken.io,https://wpkraken.io/faq,wordpress webpage 
privacypolicyupdates@automattic.com,https://automattic.com/privacy/,wordpress site 
contact@creativebloq.com,https://www.instagram.com/creativebloqofficial/,wordpress site 
contact@kinsta.com,https://kinsta.com/contact-us/,wordpress site 
username@server.com,https://kinsta.com/blog/wp-cli/,wordpress site 
my@email.com,https://kinsta.com/blog/wp-cli/,wordpress site 
sales@ithemes.com,https://ithemes.com/contact/,wordpress site 
support@wp101.com,https://www.wp101.com/contact/,wordpress site 
privacy@sucuri.net,https://www.sucuri.net/?utm_source=firewall_block,wordpress site 
info@sucuri.net,https://www.sucuri.net/?utm_source=firewall_block,wordpress site 
enterprise@sucuri.net,https://www.sucuri.net//custom/enterprise/,wordpress site 
Enterprise@sucuri.net,https://www.sucuri.net//custom/enterprise/,wordpress site 
chase@sucuri.net,https://www.sucuri.net//referral/,wordpress site 
friends@themeisle.com,https://themeisle.com/blog/sample-wordpress-sites/,wordpress site 
cspriyakrishna@gmail.com,https://themeisle.com/blog/,wordpress site 
example@domain.com,https://themeisle.com/,wordpress site 
amanda@smashingconf.com,https://www.smashingmagazine.com//events/,wordpress site 
support@smashingmagazine.com,https://www.smashingmagazine.com//membership,wordpress site 
help@smashingmagazine.com,https://www.smashingmagazine.com//membership,wordpress site 
hey@algolia.com,https://www.algolia.com/,wordpress site 
content@parameters.WrapperCssClass,https://www.lastpass.com/,wordpress site 
support@fiverr.com,https://www.fiverr.com/categories/programming-tech/wordpress-services,wordpress site 
tom@onlinemediamasters.com,https://onlinemediamasters.com/why-is-wordpress-so-slow/,wordpress site 
bdkamol@gmail.com,https://onlinemediamasters.com/why-is-wordpress-so-slow/,wordpress site 
www.aiyanasessentialoils@anageoldidea.com,https://onlinemediamasters.com/yoast-green-lights-in-seo-analysis/,wordpress site 
support@wprichsnippets.com,https://onlinemediamasters.com/wp-rich-snippets-review/,wordpress site 
focusedfox@wordpress.com,https://onlinemediamasters.com/genesis-ecommerce-themes/,wordpress site 
garciarose264@gmail.com,https://plus.google.com/+Colorlib,wordpress site 
drodukuherbalhealingcentre@gmail.com,https://plus.google.com/+Colorlib,wordpress site 
support@colorlib.com,https://www.instagram.com/colorlib/,wordpress site 
sales@yourdomain.com,https://www.one.com/en/domain,wordpress site 
rob@websitesetup.org,https://websitesetup.org/best-wordpress-hosting-performance/,wordpress hosting 
mail@example.tld,https://websitesetup.org/best-wordpress-hosting-performance/,wordpress hosting 
taylor.hatmaker@techcrunch.com,https://techcrunch.com/2017/08/24/dreamhost-morin-court-department-of-justice/,wordpress hosting 
kit@fastcompany.com,https://www.fastcompany.com/1825005/how-one-second-could-cost-amazon-16-billion-sales,wordpress hosting 
hostingsales@resellerclub.com,https://www.bluehost.com//reseller,wordpress hosting 
affiliates@bluehost.com,https://www.bluehost.com//affiliates,wordpress hosting 
press@bluehost.com,https://www.bluehost.com//about,wordpress hosting 
sales@yoast.com,https://yoast.com/academy/,wordpress hosting 
support@34sp.com,https://www.34sp.com/wordpress-hosting,wordpress hosting 
hello@yourdomain.co.za,https://mshini.com,wordpress hosting 
hello@mshini.com,https://mshini.com,wordpress hosting 
you@yours.com,https://www.namecheap.com/wordpress/,wordpress hosting 
john@johnsmith.com,https://www.namecheap.com//domains/domain-name-search.aspx,wordpress hosting 
feedback@namecheap.com,https://www.namecheap.com//domains/transfer/,wordpress hosting 
xyz.protect@whoisguard.com,https://www.namecheap.com//security/whoisguard.aspx,wordpress hosting 
scott.stacey@endurance.com,https://www.hostgator.com/dedicated-server,wordpress hosting 
you@yourdomain.com,https://checkout.hostgator.com/signup/shared/29/36/FREEUPGRADE3,wordpress hosting 
contact@privacyprotect.org,https://checkout.hostgator.com/signup/shared/29/36/FREEUPGRADE3,wordpress hosting 
example@gmail.com,https://checkout.hostgator.com/signup/shared/29/36/FREEUPGRADE3,wordpress hosting 
emailaddress@yourdomain.com,https://checkout.hostgator.com/signup/shared/29/36/FREEUPGRADE3,wordpress hosting 
info@pressable.com,https://pressable.com/,wordpress hosting 
help@pressable.com,https://pressable.com//pricing,wordpress hosting 
support@hostinger.com,https://www.hostinger.com/wordpress-hosting,wordpress hosting 
uk@hostinger.com,https://www.hostinger.co.uk/wordpress-hosting,wordpress hosting 
wesly@hostinger.com,https://www.hostinger.com.br/hospedagem-wordpress,wordpress hosting 
hu@hostinger.com,https://www.hostinger.hu/legjobb-wordpress-tarhely,wordpress hosting 
nl@hostinger.com,https://www.hostinger.nl/beste-wordpress-hosting,wordpress hosting 
ph@hostinger.com,https://www.hostinger.ph/best-wordpress-hosting,wordpress hosting 
in@hostinger.com,https://www.hostinger.in/wordpress-hosting,wordpress hosting 
es@hostinger.com,https://www.hostinger.es/hosting-wordpress,wordpress hosting 
ee@hostinger.com,https://www.hostinger.ee/parim-wordpress-veebimajutus,wordpress hosting 
lv@hostinger.com,https://www.hostinger.lv/wordpress-hosting,wordpress hosting 
hk@hostinger.com,https://www.hostinger.com.hk/best-wordpress-hosting,wordpress hosting 
hr@hostinger.com,https://www.hostinger.hr/najbolji-wordpress-hosting,wordpress hosting 
no@hostinger.com,https://www.hostinger.no/beste-wordpress-hosting,wordpress hosting 
fi@hostinger.com,https://www.hostinger.fi/paras-wordpress-webhotelli,wordpress hosting 
dk@hostinger.com,https://www.hostinger.dk/bedste-wordpress-hosting,wordpress hosting 
se@hostinger.com,https://www.hostinger.se/wordpress-hosting,wordpress hosting 
cz@hostinger.com,https://www.hostinger.cz/nejlepsi-wordpress-hosting,wordpress hosting 
sk@hostinger.com,https://www.hostinger.sk/nejlepsi-wordpress-hosting,wordpress hosting 
gr@hostinger.com,https://www.hostinger.gr/kaluteri-filoksenia-wordpress,wordpress hosting 
jp@hostinger.com,https://www.hostinger.jp/best-wordpress-hosting,wordpress hosting 
de@hostinger.com,https://www.hostinger.de/bestes-wordpress-hosting,wordpress hosting 
pt@hostinger.com,https://www.hostinger.pt/melhor-hospedagem-wordpress,wordpress hosting 
tr@hostinger.com,https://www.hostinger.web.tr/wordpress-hosting,wordpress hosting 
th@hostinger.com,https://www.hostinger.in.th/best-wordpress-hosting,wordpress hosting 
vn@hostinger.com,https://www.hostinger.vn/tao-wordpress-hosting,wordpress hosting 
kr@hostinger.com,https://www.hostinger.kr/best-wordpress-hosting,wordpress hosting 
my@hostinger.com,https://www.hostinger.my/wordpress-hosting,wordpress hosting 
uae@hostinger.com,https://www.hostinger.ae/afdal-istidafa-wordpress,wordpress hosting 
pl@hostinger.com,https://www.hostinger.pl/najlepszy-wordpress-hosting,wordpress hosting 
it@hostinger.com,https://www.hostinger.it/wordpress-hosting,wordpress hosting 
INFO@TOP-SPEED.DE,https://top-speed.de/website/,wordpress page 
info@top-speed.de,https://top-speed.de/website/,wordpress page 
contact@hexadigital.fr,https://hexadigital.co/,wordpress page 
hello@hexadigital.co,https://hexadigital.co/,wordpress page 
support@wp-pagebuilderframework.com,https://github.com/MapSteps/Page-Builder-Framework,wordpress page 
connect@mapsteps.com,https://wp-pagebuilderframework.com/privacy-policy/,wordpress page 
design@josh.biz,https://www.josh.biz,wordpress page 
K@7.W,https://downloads.wordpress.org/plugin/wp-pagebuilder.zip,wordpress page 
BE@A8.c,https://downloads.wordpress.org/plugin/wp-pagebuilder.zip,wordpress page 
Z@x.X,https://downloads.wordpress.org/plugin/wp-pagebuilder.zip,wordpress page 
samples@wordfence.com,https://www.wordfence.com/docs/how-to-clean-a-hacked-wordpress-site-using-wordfence/,wordpress page 
genbiz@wordfence.com,https://www.wordfence.com/docs/how-to-clean-a-hacked-wordpress-site-using-wordfence/,wordpress page 
4e2205924c3247afad2d66ba4a188b1a@app.getsentry.com,https://www.wordfence.com/docs/how-to-clean-a-hacked-wordpress-site-using-wordfence/,wordpress page 
feedback@wordfence.com,https://www.wordfence.com/contact/,wordpress page 
presales@wordfence.com,https://www.wordfence.com/contact/,wordpress page 
billing@wordfence.com,https://www.wordfence.com/contact/,wordpress page 
press@wordfence.com,https://www.wordfence.com/contact/,wordpress page 
security@wordfence.com,https://www.wordfence.com/security/,wordpress page 
privacy@defiant.com,https://www.wordfence.com/terms-of-use/,wordpress page 
copyright@defiant.com,https://www.wordfence.com/terms-of-use/,wordpress page 
support@inmotionhosting.com,http://www.inmotionhosting.com/support/edu/wordpress/wordpress-introduction/adding-html-wordpress,wordpress page 
support@InMotionHosting.com,http://www.inmotionhosting.com/support/edu/wordpress/wordpress-introduction/adding-html-wordpress,wordpress page 
info@studiowebs.be,http://www.inmotionhosting.com/support/edu/wordpress/wordpress-introduction/adding-html-wordpress,wordpress page 
sales@inmotionhosting.com,https://secure1.inmotionhosting.com/index/login,wordpress page 
